source_id;general_expected_n;general_filled_n;general_completeness_percent;core_expected_n;core_filled_n;core_completeness_percent
X_231_0_258;417;0;0.0;417;0;0.0
X_230_0_82;416;0;0.0;0;0;
X_233_0_196;412;0;0.0;412;0;0.0
X_233_0_353;410;0;0.0;0;0;
X_223_9_34;376;0;0.0;0;0;
X_223_9_36;376;0;0.0;0;0;
X_224_20_82;261;0;0.0;0;0;
X_227_0_196;248;0;0.0;248;0;0.0
X_234_0_308;191;0;0.0;0;0;
X_234_0_309;191;0;0.0;0;0;
X_234_0_310;191;0;0.0;0;0;
X_234_0_311;191;0;0.0;0;0;
X_234_0_313;191;0;0.0;0;0;
X_234_0_314;191;0;0.0;0;0;
X_234_0_315;191;0;0.0;0;0;
X_228_47_201;417;1;0.24;417;1;0.24
X_230_0_81;416;1;0.24;0;0;
X_233_0_294;412;1;0.24;412;1;0.24
X_223_9_35;376;1;0.27;0;0;
X_223_9_37;376;1;0.27;0;0;
X_222_0_45;265;1;0.38;0;0;
X_224_20_81;261;1;0.38;0;0;
X_233_0_195;412;2;0.49;412;2;0.49
X_233_0_293;412;2;0.49;0;0;
X_234_0_306;191;1;0.52;0;0;
X_234_0_307;191;1;0.52;0;0;
X_234_0_312;191;1;0.52;0;0;
X_234_0_316;191;1;0.52;0;0;
X_234_0_317;191;1;0.52;0;0;
X_234_0_318;191;1;0.52;0;0;
X_234_0_319;191;1;0.52;0;0;
X_234_0_369;189;1;0.53;0;0;
X_234_0_370;189;1;0.53;0;0;
X_234_0_371;189;1;0.53;0;0;
X_234_0_372;189;1;0.53;0;0;
X_234_0_373;189;1;0.53;0;0;
X_229_0_222;416;3;0.72;416;3;0.72
X_224_20_80;261;2;0.77;0;0;
X_224_20_83;261;2;0.77;0;0;
X_227_0_195;248;2;0.81;248;2;0.81
X_230_0_80;416;4;0.96;0;0;
X_230_0_83;416;4;0.96;0;0;
X_223_8_29;376;4;1.06;0;0;
X_229_0_227;416;5;1.2;416;5;1.2
X_234_0_305;191;3;1.57;0;0;
X_228_47_200;417;7;1.68;417;7;1.68
X_233_0_295;412;8;1.94;412;8;1.94
X_230_0_84;416;9;2.16;416;9;2.16
X_235_0_324;402;9;2.24;0;0;
X_222_0_52;265;6;2.26;0;0;
X_225_22_103;261;6;2.3;261;6;2.3
X_233_40_177;412;10;2.43;412;10;2.43
X_231_0_246;417;11;2.64;417;11;2.64
X_230_0_85;416;11;2.64;416;11;2.64
X_224_20_84;261;7;2.68;261;7;2.68
X_224_20_85;261;7;2.68;261;7;2.68
X_227_42_182;248;7;2.82;248;7;2.82
X_231_0_255;417;12;2.88;417;12;2.88
X_235_59_325;402;12;2.99;0;0;
X_233_42_182;412;13;3.16;412;13;3.16
X_227_40_177;248;8;3.23;248;8;3.23
X_229_51_214;416;14;3.37;0;0;
X_224_20_78;261;11;4.21;0;0;
X_236_0_344;412;18;4.37;412;18;4.37
X_226_0_137;257;13;5.06;257;13;5.06
X_236_0_342;412;22;5.34;412;22;5.34
X_234_0_302;191;11;5.76;0;0;
X_230_0_78;416;24;5.77;0;0;
X_234_0_298;191;12;6.28;0;0;
X_224_20_77;261;17;6.51;0;0;
X_230_0_79;823;54;6.56;823;54;6.56
X_229_53_134;416;28;6.73;416;28;6.73
X_233_0_364;408;28;6.86;408;28;6.86
X_223_9_33;376;27;7.18;0;0;
X_230_0_77;416;32;7.69;0;0;
X_226_30_134;257;20;7.78;257;20;7.78
X_231_0_252;417;35;8.39;417;35;8.39
X_235_60_252;402;35;8.71;0;0;
X_224_20_76;261;23;8.81;261;23;8.81
X_235_69_254;402;37;9.2;0;0;
X_223_7_30;376;35;9.31;0;0;
X_229_53_135;416;39;9.38;416;39;9.38
X_223_9_29;376;36;9.57;0;0;
X_235_59_254;402;40;9.95;0;0;
X_231_0_254;417;42;10.07;417;42;10.07
X_234_0_303;191;20;10.47;0;0;
X_226_30_135;257;27;10.51;257;27;10.51
X_231_0_250;417;44;10.55;417;44;10.55
X_230_0_76;416;44;10.58;0;0;
X_224_20_79;261;28;10.73;261;28;10.73
X_224_20_87;261;28;10.73;261;28;10.73
X_229_51_211;416;47;11.3;0;0;
X_231_0_248;417;48;11.51;417;48;11.51
X_229_51_212;416;50;12.02;0;0;
X_225_22_100;261;33;12.64;261;33;12.64
X_231_0_271;417;54;12.95;417;54;12.95
X_231_0_270;417;55;13.19;417;55;13.19
X_231_0_272;417;58;13.91;417;58;13.91
X_222_0_50;265;37;13.96;0;0;
X_231_0_269;417;59;14.15;417;59;14.15
X_228_0_355;415;61;14.7;415;61;14.7
X_224_20_72;261;39;14.94;261;39;14.94
X_234_0_301;191;29;15.18;0;0;
X_231_0_251;417;65;15.59;417;65;15.59
X_231_0_249;417;67;16.07;417;67;16.07
X_225_22_97;261;42;16.09;261;42;16.09
X_231_0_247;417;68;16.31;417;68;16.31
X_236_0_339;412;73;17.72;412;73;17.72
X_228_0_111;415;78;18.8;415;78;18.8
X_235_66_282;402;77;19.15;0;0;
X_236_0_341;412;80;19.42;412;80;19.42
X_235_60_283;402;82;20.4;0;0;
X_232_0_281;415;87;20.96;415;87;20.96
X_232_0_282;415;87;20.96;415;87;20.96
X_232_0_283;415;87;20.96;415;87;20.96
X_232_0_356;412;87;21.12;412;87;21.12
X_232_0_289;419;92;21.96;419;92;21.96
X_232_0_280;415;92;22.17;415;92;22.17
X_225_0_346;260;61;23.46;260;61;23.46
X_226_0_355;255;67;26.27;0;0;
X_236_0_340;412;110;26.7;412;110;26.7
X_233_0_296;412;119;28.88;412;119;28.88
X_223_7_29;376;111;29.52;0;0;
X_226_0_111;255;76;29.8;0;0;
X_231_0_278;417;125;29.98;417;125;29.98
X_233_0_361;408;129;31.62;0;0;
X_225_23_107;261;84;32.18;261;84;32.18
X_233_0_362;408;133;32.6;0;0;
X_232_0_359;404;132;32.67;404;132;32.67
X_232_0_358;404;133;32.92;404;133;32.92
X_232_0_286;415;147;35.42;415;147;35.42
X_232_0_287;415;147;35.42;415;147;35.42
X_232_0_288;415;147;35.42;415;147;35.42
X_233_0_360;408;185;45.34;0;0;
X_225_21_96;261;122;46.74;0;0;
X_228_47_202;417;195;46.76;417;195;46.76
X_225_21_95;261;123;47.13;0;0;
X_225_21_94;261;127;48.66;0;0;
X_233_0_363;408;202;49.51;408;202;49.51
X_235_0_322;402;203;50.5;0;0;
X_228_47_199;417;221;53.0;417;221;53.0
X_224_20_86;261;139;53.26;261;139;53.26
X_231_0_275;417;223;53.48;417;223;53.48
X_228_0_346;417;250;59.95;417;250;59.95
X_225_23_106;261;157;60.15;261;157;60.15
X_224_0_245;260;179;68.85;0;0;
X_224_0_266;260;180;69.23;0;0;
X_224_0_88;261;182;69.73;0;0;
X_235_69_347;402;282;70.15;0;0;
X_231_0_347;416;296;71.15;416;296;71.15
X_224_0_91;261;189;72.41;0;0;
X_231_0_260;417;307;73.62;417;307;73.62
X_231_0_268;417;307;73.62;417;307;73.62
X_235_0_88;402;298;74.13;0;0;
X_226_28_125;257;192;74.71;257;192;74.71
X_235_66_335;402;303;75.37;0;0;
X_235_66_73;402;308;76.62;0;0;
X_225_22_98;261;200;76.63;261;200;76.63
X_226_29_129;257;200;77.82;257;200;77.82
X_226_27_123;257;202;78.6;257;202;78.6
X_231_0_262;417;332;79.62;417;332;79.62
X_223_2_19;376;303;80.59;0;0;
X_223_2_14;376;307;81.65;0;0;
X_235_0_329;402;334;83.08;0;0;
X_225_21_93;261;217;83.14;0;0;
X_235_0_328;402;335;83.33;0;0;
X_231_0_273;417;353;84.65;417;353;84.65
X_231_0_277;417;355;85.13;417;355;85.13
X_234_0_299;191;163;85.34;0;0;
X_224_20_73;261;223;85.44;261;223;85.44
X_231_0_276;417;358;85.85;417;358;85.85
X_235_66_71;402;346;86.07;0;0;
X_224_20_75;261;231;88.51;261;231;88.51
X_235_64_167;402;357;88.81;0;0;
X_231_0_253;417;371;88.97;417;371;88.97
X_224_0_90;261;236;90.42;0;0;
X_227_45_190;248;225;90.73;248;225;90.73
X_230_0_237;416;378;90.87;416;378;90.87
X_227_34_152;248;226;91.13;248;226;91.13
X_230_0_240;416;380;91.35;416;380;91.35
X_226_29_118;257;235;91.44;257;235;91.44
X_227_32_142;248;227;91.53;248;227;91.53
X_235_60_240;402;368;91.54;0;0;
X_225_22_101;261;239;91.57;261;239;91.57
X_230_0_75;416;382;91.83;416;382;91.83
X_227_35_155;248;228;91.94;248;228;91.94
X_227_39_168;248;228;91.94;248;228;91.94
X_227_43_184;248;228;91.94;248;228;91.94
X_227_33_147;248;229;92.34;248;229;92.34
X_227_34_151;248;229;92.34;248;229;92.34
X_226_30_136;257;238;92.61;257;238;92.61
X_233_39_168;412;382;92.72;0;0;
X_227_35_157;248;230;92.74;248;230;92.74
X_229_52_216;416;386;92.79;416;386;92.79
X_233_45_190;412;384;93.2;412;384;93.2
X_229_52_217;416;388;93.27;416;388;93.27
X_226_27_118;257;240;93.39;257;240;93.39
X_226_28_118;257;240;93.39;257;240;93.39
X_233_43_184;412;385;93.45;412;385;93.45
X_228_0_203;415;388;93.49;415;388;93.49
X_233_34_152;412;386;93.69;0;0;
X_233_41_179;412;386;93.69;412;386;93.69
X_226_26_118;257;241;93.77;257;241;93.77
X_226_29_128;257;241;93.77;257;241;93.77
X_225_22_99;261;245;93.87;261;245;93.87
X_233_32_142;412;387;93.93;0;0;
X_233_33_147;412;387;93.93;0;0;
X_227_38_166;248;233;93.95;248;233;93.95
X_229_51_213;416;391;93.99;0;0;
X_235_69_117;402;378;94.03;0;0;
X_235_69_323;402;378;94.03;0;0;
X_228_0_109;415;391;94.22;415;391;94.22
X_229_52_218;416;392;94.23;416;392;94.23
X_224_20_74;261;246;94.25;261;246;94.25
X_227_40_176;248;234;94.35;248;234;94.35
X_233_35_157;412;389;94.42;0;0;
X_233_55_291;412;389;94.42;0;0;
X_226_26_121;257;243;94.55;257;243;94.55
X_226_29_127;257;243;94.55;257;243;94.55
X_225_22_102;261;247;94.64;261;247;94.64
X_233_34_151;412;390;94.66;0;0;
X_233_35_155;412;390;94.66;0;0;
X_233_38_166;412;390;94.66;0;0;
X_229_53_136;416;394;94.71;416;394;94.71
X_229_54_229;416;394;94.71;0;0;
X_227_0_172;248;235;94.76;248;235;94.76
X_227_37_164;248;235;94.76;248;235;94.76
X_227_41_179;248;235;94.76;248;235;94.76
X_233_55_164;412;391;94.9;0;0;
X_226_0_130;257;244;94.94;257;244;94.94
X_226_0_132;257;244;94.94;257;244;94.94
X_226_25_116;257;244;94.94;257;244;94.94
X_226_26_119;257;244;94.94;257;244;94.94
X_229_51_210;416;395;94.95;0;0;
X_229_54_228;416;395;94.95;0;0;
X_229_54_230;416;395;94.95;0;0;
X_230_0_73;416;395;94.95;416;395;94.95
X_231_0_267;417;396;94.96;417;396;94.96
X_235_63_323;402;382;95.02;0;0;
X_227_0_188;248;236;95.16;248;236;95.16
X_227_31_139;248;236;95.16;248;236;95.16
X_227_33_148;248;236;95.16;248;236;95.16
X_227_33_149;248;236;95.16;248;236;95.16
X_226_0_109;255;243;95.29;0;0;
X_226_30_133;257;245;95.33;257;245;95.33
X_224_19_69;261;249;95.4;261;249;95.4
X_229_0_225;416;397;95.43;416;397;95.43
X_235_60_326;402;384;95.52;0;0;
X_235_66_326;402;384;95.52;0;0;
X_227_0_158;248;237;95.56;248;237;95.56
X_227_0_159;248;237;95.56;248;237;95.56
X_227_0_162;248;237;95.56;248;237;95.56
X_227_0_171;248;237;95.56;248;237;95.56
X_227_0_194;248;237;95.56;248;237;95.56
X_227_32_145;248;237;95.56;248;237;95.56
X_227_35_156;248;237;95.56;248;237;95.56
X_227_36_161;248;237;95.56;248;237;95.56
X_233_0_158;412;394;95.63;0;0;
X_233_0_159;412;394;95.63;0;0;
X_233_34_153;412;394;95.63;0;0;
X_229_52_215;416;398;95.67;416;398;95.67
X_226_0_131;257;246;95.72;257;246;95.72
X_226_26_120;257;246;95.72;257;246;95.72
X_224_0_63;261;250;95.79;261;250;95.79
X_224_19_70;261;250;95.79;261;250;95.79
X_230_0_350;407;390;95.82;407;390;95.82
X_233_40_176;412;395;95.87;412;395;95.87
X_227_0_170;248;238;95.97;248;238;95.97
X_227_34_150;248;238;95.97;248;238;95.97
X_227_34_153;248;238;95.97;248;238;95.97
X_227_45_189;248;238;95.97;248;238;95.97
X_235_60_239;402;386;96.02;0;0;
X_235_64_334;402;386;96.02;0;0;
X_235_64_69;402;386;96.02;0;0;
X_233_0_194;412;396;96.12;412;396;96.12
X_233_35_156;412;396;96.12;0;0;
X_235_60_238;402;387;96.27;0;0;
X_235_64_66;402;387;96.27;0;0;
X_233_0_169;412;397;96.36;412;397;96.36
X_233_31_139;412;397;96.36;0;0;
X_227_0_169;248;239;96.37;248;239;96.37
X_227_0_173;248;239;96.37;248;239;96.37
X_227_32_143;248;239;96.37;248;239;96.37
X_227_32_144;248;239;96.37;248;239;96.37
X_227_35_154;248;239;96.37;248;239;96.37
X_227_39_167;248;239;96.37;248;239;96.37
X_227_44_186;248;239;96.37;248;239;96.37
X_227_44_187;248;239;96.37;248;239;96.37
X_229_53_226;416;401;96.39;416;401;96.39
X_235_64_67;402;388;96.52;0;0;
X_235_64_68;402;388;96.52;0;0;
X_223_2_13;376;363;96.54;0;0;
X_224_19_67;261;252;96.55;261;252;96.55
X_224_19_68;261;252;96.55;261;252;96.55
X_233_0_188;412;398;96.6;412;398;96.6
X_233_36_161;412;398;96.6;0;0;
X_229_54_231;416;402;96.63;0;0;
X_230_0_239;416;402;96.63;416;402;96.63
X_235_0_91;402;389;96.77;0;0;
X_227_0_174;248;240;96.77;248;240;96.77
X_227_0_193;248;240;96.77;248;240;96.77
X_227_33_146;248;240;96.77;248;240;96.77
X_227_36_160;248;240;96.77;248;240;96.77
X_227_37_163;248;240;96.77;248;240;96.77
X_227_38_165;248;240;96.77;248;240;96.77
X_233_0_172;412;399;96.84;412;399;96.84
X_233_32_145;412;399;96.84;0;0;
X_233_42_181;412;399;96.84;412;399;96.84
X_233_44_187;412;399;96.84;412;399;96.84
X_230_0_236;416;403;96.88;416;403;96.88
X_230_0_238;416;403;96.88;416;403;96.88
X_230_0_69;416;403;96.88;416;403;96.88
X_226_28_124;257;249;96.89;257;249;96.89
X_233_0_193;412;400;97.09;412;400;97.09
X_233_35_154;412;400;97.09;0;0;
X_231_0_263;417;405;97.12;417;405;97.12
X_227_0_180;248;241;97.18;248;241;97.18
X_227_0_185;248;241;97.18;248;241;97.18
X_227_31_140;248;241;97.18;248;241;97.18
X_227_41_178;248;241;97.18;248;241;97.18
X_227_43_183;248;241;97.18;248;241;97.18
X_226_25_117;257;250;97.28;257;250;97.28
X_233_0_185;412;401;97.33;412;401;97.33
X_233_39_167;412;401;97.33;0;0;
X_230_0_68;415;404;97.35;415;404;97.35
X_230_0_67;417;406;97.36;417;406;97.36
X_230_0_74;416;405;97.36;416;405;97.36
X_235_0_321;402;392;97.51;0;0;
X_233_0_162;412;402;97.57;0;0;
X_233_0_174;412;402;97.57;412;402;97.57
X_233_31_140;412;402;97.57;0;0;
X_233_41_178;412;402;97.57;412;402;97.57
X_233_44_186;412;402;97.57;412;402;97.57
X_227_40_175;248;242;97.58;248;242;97.58
X_227_42_181;248;242;97.58;248;242;97.58
X_229_0_224;416;406;97.6;416;406;97.6
X_224_0_89;261;255;97.7;0;0;
X_224_18_64;261;255;97.7;261;255;97.7
X_224_18_65;261;255;97.7;261;255;97.7
X_224_20_71;261;255;97.7;261;255;97.7
X_233_0_170;412;403;97.82;412;403;97.82
X_233_0_171;412;403;97.82;412;403;97.82
X_233_33_149;412;403;97.82;0;0;
X_233_36_160;412;403;97.82;0;0;
X_233_38_165;412;403;97.82;0;0;
X_233_45_189;412;403;97.82;412;403;97.82
X_231_0_357;415;406;97.83;415;406;97.83
X_235_69_256;402;394;98.01;0;0;
X_226_27_122;257;252;98.05;257;252;98.05
X_226_29_126;257;252;98.05;257;252;98.05
X_233_0_173;412;404;98.06;412;404;98.06
X_233_0_180;412;404;98.06;412;404;98.06
X_233_32_143;412;404;98.06;0;0;
X_233_33_148;412;404;98.06;0;0;
X_233_34_150;412;404;98.06;0;0;
X_233_43_183;412;404;98.06;412;404;98.06
X_233_55_163;412;404;98.06;0;0;
X_228_47_198;417;409;98.08;417;409;98.08
X_229_0_220;416;408;98.08;416;408;98.08
X_224_19_66;261;256;98.08;261;256;98.08
X_235_0_320;402;395;98.26;0;0;
X_235_69_264;402;395;98.26;0;0;
X_233_40_175;412;405;98.3;412;405;98.3
X_229_0_223;416;409;98.32;416;409;98.32
X_227_32_141;248;244;98.39;248;244;98.39
X_224_0_337;260;256;98.46;0;0;
X_222_0_49;265;261;98.49;0;0;
X_235_0_56;402;396;98.51;0;0;
X_235_68_245;402;396;98.51;0;0;
X_235_68_256;402;396;98.51;0;0;
X_235_68_266;402;396;98.51;0;0;
X_233_33_146;412;406;98.54;0;0;
X_231_0_245;417;411;98.56;417;411;98.56
X_231_0_266;417;411;98.56;417;411;98.56
X_235_56_256;402;397;98.76;0;0;
X_235_56_266;402;397;98.76;0;0;
X_235_60_245;402;397;98.76;0;0;
X_235_65_256;402;397;98.76;0;0;
X_230_0_349;413;408;98.79;413;408;98.79
X_233_32_144;412;407;98.79;0;0;
X_231_0_256;417;412;98.8;417;412;98.8
X_226_26_115;257;254;98.83;257;254;98.83
X_235_56_264;402;398;99.0;0;0;
X_235_59_264;402;398;99.0;0;0;
X_235_61_264;402;398;99.0;0;0;
X_235_61_330;402;398;99.0;0;0;
X_235_65_333;402;398;99.0;0;0;
X_231_0_264;417;413;99.04;417;413;99.04
X_229_0_221;416;412;99.04;416;412;99.04
X_226_25_114;257;255;99.22;257;255;99.22
X_224_0_62;261;259;99.23;261;259;99.23
X_224_16_58;261;259;99.23;261;259;99.23
X_224_17_59;261;259;99.23;261;259;99.23
X_224_17_60;261;259;99.23;261;259;99.23
X_235_65_64;402;399;99.25;0;0;
X_235_68_265;402;399;99.25;0;0;
X_233_31_138;412;409;99.27;0;0;
X_233_32_141;412;409;99.27;0;0;
X_235_56_265;402;400;99.5;0;0;
X_235_61_57;402;400;99.5;0;0;
X_235_62_265;402;400;99.5;0;0;
X_235_62_331;402;400;99.5;0;0;
X_231_0_242;417;415;99.52;417;415;99.52
X_231_0_244;417;415;99.52;417;415;99.52
X_231_0_265;417;415;99.52;417;415;99.52
X_231_0_274;417;415;99.52;417;415;99.52
X_231_0_348;416;414;99.52;416;414;99.52
X_227_31_138;248;247;99.6;248;247;99.6
X_235_0_336;402;401;99.75;0;0;
X_235_62_59;402;401;99.75;0;0;
X_235_63_332;402;401;99.75;0;0;
X_235_68_337;402;401;99.75;0;0;
X_228_0_204;417;417;100.0;417;417;100.0
X_228_0_205;417;417;100.0;417;417;100.0
X_228_0_206;417;417;100.0;417;417;100.0
X_228_0_207;417;417;100.0;417;417;100.0
X_228_47_197;417;417;100.0;417;417;100.0
X_231_0_241;417;417;100.0;417;417;100.0
X_229_0_122;416;416;100.0;416;416;100.0
X_229_0_219;416;416;100.0;416;416;100.0
X_229_49_114;416;416;100.0;416;416;100.0
X_229_49_117;416;416;100.0;416;416;100.0
X_229_50_115;416;416;100.0;416;416;100.0
X_229_50_209;416;416;100.0;416;416;100.0
X_229_50_63;416;416;100.0;416;416;100.0
X_230_0_232;416;416;100.0;416;416;100.0
X_230_0_233;416;416;100.0;416;416;100.0
X_232_0_279;415;415;100.0;415;415;100.0
X_233_0_191;412;412;100.0;412;412;100.0
X_236_0_338;412;412;100.0;412;412;100.0
X_236_0_343;412;412;100.0;412;412;100.0
X_235_62_61;402;402;100.0;0;0;
X_235_63_62;402;402;100.0;0;0;
X_223_7_28;376;376;100.0;0;0;
X_223_8_31;376;376;100.0;0;0;
X_223_9_32;376;376;100.0;0;0;
X_222_0_345;265;265;100.0;0;0;
X_222_0_42;265;265;100.0;0;0;
X_222_0_43;265;265;100.0;265;265;100.0
X_222_0_46;265;265;100.0;0;0;
X_222_0_47;265;265;100.0;0;0;
X_222_0_48;265;265;100.0;0;0;
X_224_16_57;261;261;100.0;261;261;100.0
X_224_17_61;261;261;100.0;261;261;100.0
X_225_0_104;261;261;100.0;261;261;100.0
X_225_0_105;261;261;100.0;261;261;100.0
X_225_0_55;261;261;100.0;261;261;100.0
X_225_0_92;261;261;100.0;261;261;100.0
X_226_0_112;257;257;100.0;257;257;100.0
X_226_0_113;257;257;100.0;257;257;100.0
X_227_0_112;248;248;100.0;248;248;100.0
X_227_46_191;248;248;100.0;248;248;100.0
X_227_46_192;248;248;100.0;248;248;100.0
X_234_0_297;191;191;100.0;0;0;
X_234_0_300;191;191;100.0;0;0;
X_228_0_374;5;5;100.0;0;0;
