form_key,form_id,form_version,form_label,type,record_urn,dataelement_urn,source_id,mandatory,repeatable,position,resolution_status
222_1_Screen visit,222,1,Screen visit,dataelement,,urn:osse-11:dataelement:43:1,,True,False,2,direct_unresolved
222_2_Screen visit,222,2,Screen visit,dataelement,,urn:osse-11:dataelement:43:1,,True,False,2,direct_unresolved
223_1_Biobank sample collection,223,1,Biobank sample collection,dataelement,,urn:osse-11:dataelement:8:1,,False,False,9,direct_unresolved
222_3_Screen data,222,3,Screen data,dataelement,,urn:osse-11:dataelement:43:1,,True,False,2,direct_unresolved
222_3_Screen data,222,3,Screen data,dataelement,,urn:osse-11:dataelement:51:1,,True,False,7,direct_unresolved
222_3_Screen data,222,3,Screen data,dataelement,,urn:osse-11:dataelement:49:1,,True,False,8,direct_unresolved
222_3_Screen data,222,3,Screen data,dataelement,,urn:osse-11:dataelement:52:1,,False,False,10,direct_unresolved
230_1_Physical examination,230,1,Physical examination,dataelement,,urn:osse-11:dataelement:234:1,,True,False,3,direct_unresolved
230_1_Physical examination,230,1,Physical examination,dataelement,,urn:osse-11:dataelement:235:1,,True,False,4,direct_unresolved
231_1_LABORATORY 1,231,1,LABORATORY 1,dataelement,,urn:osse-11:dataelement:243:1,,False,False,5,direct_unresolved
231_1_LABORATORY 1,231,1,LABORATORY 1,dataelement,,urn:osse-11:dataelement:257:1,,False,False,19,direct_unresolved
231_1_LABORATORY 1,231,1,LABORATORY 1,dataelement,,urn:osse-11:dataelement:259:1,,False,False,22,direct_unresolved
231_1_LABORATORY 1,231,1,LABORATORY 1,dataelement,,urn:osse-11:dataelement:261:1,,False,False,24,direct_unresolved
231_2_LABORATORY 1,231,2,LABORATORY 1,dataelement,,urn:osse-11:dataelement:243:1,,False,False,5,direct_unresolved
231_2_LABORATORY 1,231,2,LABORATORY 1,dataelement,,urn:osse-11:dataelement:257:1,,False,False,19,direct_unresolved
231_2_LABORATORY 1,231,2,LABORATORY 1,dataelement,,urn:osse-11:dataelement:259:1,,False,False,22,direct_unresolved
231_2_LABORATORY 1,231,2,LABORATORY 1,dataelement,,urn:osse-11:dataelement:261:1,,False,False,24,direct_unresolved
231_3_Laboratory data 1,231,3,Laboratory data 1,dataelement,,urn:osse-11:dataelement:243:1,,False,False,5,direct_unresolved
231_3_Laboratory data 1,231,3,Laboratory data 1,dataelement,,urn:osse-11:dataelement:257:1,,False,False,19,direct_unresolved
231_3_Laboratory data 1,231,3,Laboratory data 1,dataelement,,urn:osse-11:dataelement:259:1,,False,False,22,direct_unresolved
231_3_Laboratory data 1,231,3,Laboratory data 1,dataelement,,urn:osse-11:dataelement:261:1,,False,False,24,direct_unresolved
232_1_Laboratory data 2,232,1,Laboratory data 2,dataelement,,urn:osse-11:dataelement:284:1,,False,False,9,direct_unresolved
232_1_Laboratory data 2,232,1,Laboratory data 2,dataelement,,urn:osse-11:dataelement:285:1,,False,False,10,direct_unresolved
232_1_Laboratory data 2,232,1,Laboratory data 2,dataelement,,urn:osse-11:dataelement:290:1,,False,False,16,direct_unresolved
231_4_Laboratory data 1,231,4,Laboratory data 1,dataelement,,urn:osse-11:dataelement:243:1,,False,False,5,direct_unresolved
231_4_Laboratory data 1,231,4,Laboratory data 1,dataelement,,urn:osse-11:dataelement:257:1,,False,False,19,direct_unresolved
231_4_Laboratory data 1,231,4,Laboratory data 1,dataelement,,urn:osse-11:dataelement:259:1,,False,False,22,direct_unresolved
231_4_Laboratory data 1,231,4,Laboratory data 1,dataelement,,urn:osse-11:dataelement:261:1,,False,False,24,direct_unresolved
230_2_Physical examination,230,2,Physical examination,dataelement,,urn:osse-11:dataelement:234:1,,True,False,3,direct_unresolved
230_2_Physical examination,230,2,Physical examination,dataelement,,urn:osse-11:dataelement:235:1,,True,False,4,direct_unresolved
234_1_Electrocardiogram and Echocardiography,234,1,Electrocardiogram and Echocardiography,dataelement,,urn:osse-11:dataelement:304:1,,False,False,10,direct_unresolved
234_1_Electrocardiogram and Echocardiography,234,1,Electrocardiogram and Echocardiography,dataelement,,urn:osse-11:dataelement:304:1,,False,False,12,direct_unresolved
234_1_Electrocardiogram and Echocardiography,234,1,Electrocardiogram and Echocardiography,dataelement,,urn:osse-11:dataelement:304:1,,False,False,14,direct_unresolved
234_1_Electrocardiogram and Echocardiography,234,1,Electrocardiogram and Echocardiography,dataelement,,urn:osse-11:dataelement:304:1,,False,False,16,direct_unresolved
234_1_Electrocardiogram and Echocardiography,234,1,Electrocardiogram and Echocardiography,dataelement,,urn:osse-11:dataelement:304:1,,False,False,27,direct_unresolved
234_2_Electrocardiogram and Echocardiography,234,2,Electrocardiogram and Echocardiography,dataelement,,urn:osse-11:dataelement:304:1,,False,False,10,direct_unresolved
234_2_Electrocardiogram and Echocardiography,234,2,Electrocardiogram and Echocardiography,dataelement,,urn:osse-11:dataelement:304:1,,False,False,12,direct_unresolved
234_2_Electrocardiogram and Echocardiography,234,2,Electrocardiogram and Echocardiography,dataelement,,urn:osse-11:dataelement:304:1,,False,False,14,direct_unresolved
234_2_Electrocardiogram and Echocardiography,234,2,Electrocardiogram and Echocardiography,dataelement,,urn:osse-11:dataelement:304:1,,False,False,16,direct_unresolved
234_2_Electrocardiogram and Echocardiography,234,2,Electrocardiogram and Echocardiography,dataelement,,urn:osse-11:dataelement:304:1,,False,False,27,direct_unresolved
234_3_Electrocardiogram and Echocardiography,234,3,Electrocardiogram and Echocardiography,dataelement,,urn:osse-11:dataelement:304:1,,False,False,10,direct_unresolved
234_3_Electrocardiogram and Echocardiography,234,3,Electrocardiogram and Echocardiography,dataelement,,urn:osse-11:dataelement:304:1,,False,False,12,direct_unresolved
234_3_Electrocardiogram and Echocardiography,234,3,Electrocardiogram and Echocardiography,dataelement,,urn:osse-11:dataelement:304:1,,False,False,14,direct_unresolved
234_3_Electrocardiogram and Echocardiography,234,3,Electrocardiogram and Echocardiography,dataelement,,urn:osse-11:dataelement:304:1,,False,False,16,direct_unresolved
234_3_Electrocardiogram and Echocardiography,234,3,Electrocardiogram and Echocardiography,dataelement,,urn:osse-11:dataelement:304:1,,False,False,27,direct_unresolved
235_1_Scores,235,1,Scores,dataelement,,urn:osse-11:dataelement:55:1,,False,False,16,direct_unresolved
222_4_Screen data,222,4,Screen data,dataelement,,urn:osse-11:dataelement:43:1,,True,False,2,direct_unresolved
222_4_Screen data,222,4,Screen data,dataelement,,urn:osse-11:dataelement:51:1,,True,False,7,direct_unresolved
222_4_Screen data,222,4,Screen data,dataelement,,urn:osse-11:dataelement:52:1,,False,False,10,direct_unresolved
222_5_Screen data,222,5,Screen data,dataelement,,urn:osse-11:dataelement:43:1,,True,False,2,direct_unresolved
222_5_Screen data,222,5,Screen data,dataelement,,urn:osse-11:dataelement:52:1,,False,False,10,direct_unresolved
222_6_Screen data,222,6,Screen data,dataelement,,urn:osse-11:dataelement:43:1,,True,False,2,direct_unresolved
222_6_Screen data,222,6,Screen data,dataelement,,urn:osse-11:dataelement:52:1,,False,False,11,direct_unresolved
222_7_Screen data,222,7,Screen data,dataelement,,urn:osse-11:dataelement:43:1,,True,False,2,direct_unresolved
230_3_Physical examination,230,3,Physical examination,dataelement,,urn:osse-11:dataelement:234:1,,True,False,3,direct_unresolved
230_3_Physical examination,230,3,Physical examination,dataelement,,urn:osse-11:dataelement:235:1,,True,False,4,direct_unresolved
231_5_Laboratory data 1,231,5,Laboratory data 1,dataelement,,urn:osse-11:dataelement:243:1,,False,False,5,direct_unresolved
231_5_Laboratory data 1,231,5,Laboratory data 1,dataelement,,urn:osse-11:dataelement:257:1,,False,False,19,direct_unresolved
231_5_Laboratory data 1,231,5,Laboratory data 1,dataelement,,urn:osse-11:dataelement:261:1,,False,False,24,direct_unresolved
223_2_Biobank sample collection,223,2,Biobank sample collection,dataelement,,urn:osse-11:dataelement:8:1,,True,False,9,direct_unresolved
231_6_Laboratory data 1,231,6,Laboratory data 1,dataelement,,urn:osse-11:dataelement:257:1,,False,False,19,direct_unresolved
231_6_Laboratory data 1,231,6,Laboratory data 1,dataelement,,urn:osse-11:dataelement:261:1,,False,False,24,direct_unresolved
235_2_Scores,235,2,Scores,dataelement,,urn:osse-11:dataelement:55:1,,False,False,16,direct_unresolved
233_4_Treatment,233,4,Treatment,dataelement,,urn:osse-11:dataelement:201:1,,False,False,11,direct_unresolved
233_4_Treatment,233,4,Treatment,dataelement,,urn:osse-11:dataelement:201:1,,False,False,14,direct_unresolved
233_4_Treatment,233,4,Treatment,dataelement,,urn:osse-11:dataelement:201:1,,False,False,16,direct_unresolved
233_4_Treatment,233,4,Treatment,dataelement,,urn:osse-11:dataelement:201:1,,False,False,23,direct_unresolved
233_4_Treatment,233,4,Treatment,dataelement,,urn:osse-11:dataelement:201:1,,False,False,27,direct_unresolved
233_5_Treatment,233,5,Treatment,dataelement,,urn:osse-11:dataelement:201:1,,False,False,11,direct_unresolved
233_5_Treatment,233,5,Treatment,dataelement,,urn:osse-11:dataelement:201:1,,False,False,15,direct_unresolved
233_5_Treatment,233,5,Treatment,dataelement,,urn:osse-11:dataelement:201:1,,False,False,18,direct_unresolved
233_5_Treatment,233,5,Treatment,dataelement,,urn:osse-11:dataelement:201:1,,False,False,26,direct_unresolved
233_5_Treatment,233,5,Treatment,dataelement,,urn:osse-11:dataelement:201:1,,False,False,31,direct_unresolved
233_6_Treatment,233,6,Treatment,dataelement,,urn:osse-11:dataelement:201:1,,False,False,11,direct_unresolved
233_6_Treatment,233,6,Treatment,dataelement,,urn:osse-11:dataelement:201:1,,False,False,15,direct_unresolved
233_6_Treatment,233,6,Treatment,dataelement,,urn:osse-11:dataelement:201:1,,False,False,18,direct_unresolved
233_6_Treatment,233,6,Treatment,dataelement,,urn:osse-11:dataelement:201:1,,False,False,26,direct_unresolved
233_6_Treatment,233,6,Treatment,dataelement,,urn:osse-11:dataelement:201:1,,False,False,31,direct_unresolved
233_7_Treatment,233,7,Treatment,dataelement,,urn:osse-11:dataelement:201:1,,False,False,12,direct_unresolved
233_7_Treatment,233,7,Treatment,dataelement,,urn:osse-11:dataelement:201:1,,False,False,16,direct_unresolved
233_7_Treatment,233,7,Treatment,dataelement,,urn:osse-11:dataelement:201:1,,False,False,19,direct_unresolved
233_7_Treatment,233,7,Treatment,dataelement,,urn:osse-11:dataelement:201:1,,False,False,27,direct_unresolved
233_7_Treatment,233,7,Treatment,dataelement,,urn:osse-11:dataelement:201:1,,False,False,32,direct_unresolved
231_11_Laboratory data 1,231,11,Laboratory data 1,dataelement,,urn:osse-11:dataelement:354:1,,False,False,24,direct_unresolved
233_8_Treatment,233,8,Treatment,dataelement,,urn:osse-11:dataelement:351:1,,False,False,12,direct_unresolved
233_8_Treatment,233,8,Treatment,dataelement,,urn:osse-11:dataelement:351:1,,False,False,16,direct_unresolved
233_8_Treatment,233,8,Treatment,dataelement,,urn:osse-11:dataelement:351:1,,False,False,19,direct_unresolved
233_8_Treatment,233,8,Treatment,dataelement,,urn:osse-11:dataelement:351:1,,False,False,27,direct_unresolved
233_8_Treatment,233,8,Treatment,dataelement,,urn:osse-11:dataelement:351:1,,False,False,32,direct_unresolved
233_9_Treatment,233,9,Treatment,dataelement,,urn:osse-11:dataelement:351:1,,False,False,13,direct_unresolved
233_9_Treatment,233,9,Treatment,dataelement,,urn:osse-11:dataelement:351:1,,False,False,17,direct_unresolved
233_9_Treatment,233,9,Treatment,dataelement,,urn:osse-11:dataelement:351:1,,False,False,20,direct_unresolved
233_9_Treatment,233,9,Treatment,dataelement,,urn:osse-11:dataelement:351:1,,False,False,28,direct_unresolved
233_9_Treatment,233,9,Treatment,dataelement,,urn:osse-11:dataelement:351:1,,False,False,33,direct_unresolved
231_7_Laboratory data 1,231,7,Laboratory data 1,dataelement,,urn:osse-11:dataelement:257:1,,False,False,19,direct_unresolved
231_7_Laboratory data 1,231,7,Laboratory data 1,dataelement,,urn:osse-11:dataelement:261:1,,False,False,24,direct_unresolved
231_7_Laboratory data 1,231,7,Laboratory data 1,dataelement,,urn:osse-11:dataelement:354:1,,False,False,25,direct_unresolved
231_8_Laboratory data 1,231,8,Laboratory data 1,dataelement,,urn:osse-11:dataelement:257:1,,False,False,19,direct_unresolved
231_8_Laboratory data 1,231,8,Laboratory data 1,dataelement,,urn:osse-11:dataelement:261:1,,False,False,24,direct_unresolved
231_8_Laboratory data 1,231,8,Laboratory data 1,dataelement,,urn:osse-11:dataelement:354:1,,False,False,25,direct_unresolved
231_9_Laboratory data 1,231,9,Laboratory data 1,dataelement,,urn:osse-11:dataelement:257:1,,False,False,19,direct_unresolved
231_9_Laboratory data 1,231,9,Laboratory data 1,dataelement,,urn:osse-11:dataelement:354:1,,False,False,24,direct_unresolved
231_10_Laboratory data 1,231,10,Laboratory data 1,dataelement,,urn:osse-11:dataelement:257:1,,False,False,19,direct_unresolved
231_10_Laboratory data 1,231,10,Laboratory data 1,dataelement,,urn:osse-11:dataelement:354:1,,False,False,24,direct_unresolved
235_3_Scores,235,3,Scores,dataelement,,urn:osse-11:dataelement:55:1,,False,False,16,direct_unresolved
232_2_Laboratory data 2,232,2,Laboratory data 2,dataelement,,urn:osse-11:dataelement:284:1,,False,False,9,direct_unresolved
232_2_Laboratory data 2,232,2,Laboratory data 2,dataelement,,urn:osse-11:dataelement:285:1,,False,False,10,direct_unresolved
235_4_Scores,235,4,Scores,dataelement,,urn:osse-11:dataelement:55:1,,False,False,16,direct_unresolved
235_5_Scores,235,5,Scores,dataelement,,urn:osse-11:dataelement:55:1,,False,False,16,direct_unresolved
235_6_Scores,235,6,Scores,dataelement,,urn:osse-11:dataelement:55:1,,False,False,16,direct_unresolved
232_3_Laboratory data 2,232,3,Laboratory data 2,dataelement,,urn:osse-11:dataelement:284:1,,False,False,9,direct_unresolved
222_1_Screen visit,222,1,Screen visit,record,urn:osse-11:record:15:1,,,True,False,5,record_unresolved
222_2_Screen visit,222,2,Screen visit,record,urn:osse-11:record:15:1,,,True,False,5,record_unresolved
223_1_Biobank sample collection,223,1,Biobank sample collection,record,urn:osse-11:record:3:1,,,False,False,2,record_unresolved
223_1_Biobank sample collection,223,1,Biobank sample collection,record,urn:osse-11:record:4:1,,,False,False,3,record_unresolved
223_1_Biobank sample collection,223,1,Biobank sample collection,record,urn:osse-11:record:5:1,,,False,False,4,record_unresolved
223_1_Biobank sample collection,223,1,Biobank sample collection,record,urn:osse-11:record:6:1,,,False,False,5,record_unresolved
226_1_Clinical course,226,1,Clinical course,record,urn:osse-11:record:24:1,,,False,False,2,record_unresolved
226_2_Clinical course,226,2,Clinical course,record,urn:osse-11:record:24:1,,,False,False,2,record_unresolved
228_1_Data at hospital admission/inclusion,228,1,Data at hospital admission/inclusion,record,urn:osse-11:record:48:1,,,False,False,2,record_unresolved
228_2_Data at hospital admission/inclusion,228,2,Data at hospital admission/inclusion,record,urn:osse-11:record:48:1,,,False,False,2,record_unresolved
228_3_Data at visit,228,3,Data at visit,record,urn:osse-11:record:48:1,,,False,False,2,record_unresolved
235_1_Scores,235,1,Scores,record,urn:osse-11:record:58:1,,,True,False,6,record_unresolved
235_1_Scores,235,1,Scores,record,urn:osse-11:record:67:1,,,False,False,27,record_unresolved
226_3_Clinical course,226,3,Clinical course,record,urn:osse-11:record:24:1,,,False,False,2,record_unresolved
226_4_Previous clinical course,226,4,Previous clinical course,record,urn:osse-11:record:24:1,,,False,False,2,record_unresolved
226_5_Previous clinical course,226,5,Previous clinical course,record,urn:osse-11:record:24:1,,,False,False,2,record_unresolved
226_6_Previous clinical course,226,6,Previous clinical course,record,urn:osse-11:record:24:1,,,False,False,2,record_unresolved
228_4_Data at visit,228,4,Data at visit,record,urn:osse-11:record:48:1,,,False,False,2,record_unresolved
223_2_Biobank sample collection,223,2,Biobank sample collection,record,urn:osse-11:record:3:1,,,False,False,2,record_unresolved
223_2_Biobank sample collection,223,2,Biobank sample collection,record,urn:osse-11:record:4:1,,,False,False,3,record_unresolved
223_2_Biobank sample collection,223,2,Biobank sample collection,record,urn:osse-11:record:5:1,,,False,False,4,record_unresolved
223_2_Biobank sample collection,223,2,Biobank sample collection,record,urn:osse-11:record:6:1,,,False,False,5,record_unresolved
235_2_Scores,235,2,Scores,record,urn:osse-11:record:58:1,,,False,False,6,record_unresolved
235_2_Scores,235,2,Scores,record,urn:osse-11:record:67:1,,,False,False,27,record_unresolved
228_5_Data at visit,228,5,Data at visit,record,urn:osse-11:record:48:1,,,False,False,2,record_unresolved
235_3_Scores,235,3,Scores,record,urn:osse-11:record:58:1,,,False,False,6,record_unresolved
235_4_Scores,235,4,Scores,record,urn:osse-11:record:58:1,,,False,False,6,record_unresolved
235_5_Scores,235,5,Scores,record,urn:osse-11:record:58:1,,,False,False,6,record_unresolved
235_6_Scores,235,6,Scores,record,urn:osse-11:record:58:1,,,False,False,6,record_unresolved
