calculation_type;formula_expression;tolerance;rounding
MAP;(2 * dbp + sbp) / 3;0.1;two_decimals
BMI;weight / ((height / 100) ** 2);0.1;one_decimal
SPO2_FIO2;spo2 / (fio2 / 100);0.1;two_decimals
PAO2_FIO2;pao2 / (fio2 / 100);0.1;two_decimals
MELD;9.57 * ln(max(creatinine,1)) + 3.78 * ln(max(bilirubin,1)) + 11.2 * ln(max(inr,1)) + 6.43;0.1;integer
MELD_Na;meld - sodium - 0.025 * meld * (140 - sodium) + 140;0.1;integer
MADDREY;4.6 * (prothrombin_time - control_prothrombin_time) + bilirubin;0.1;two_decimals
CLIF_C_AD;10 * (0.03 * age + 0.66 * ln(creatinine) + 1.71 * ln(inr) + 0.88 * ln(leucocyte) - 0.05 * sodium + 8);0.1;integer
CLIF_OF;liver_score + kidney_score + brain_score + coagulation_score + circulation_score + lung_score;0;integer
