source_id,dataelement_urn,denominator_n,numerator_n,metric,completeness_percent
X_231_0_258,urn:osse-11:dataelement:258:1,1158,0,Least complete elements,0.0
X_223_9_34,urn:osse-11:dataelement:34:1,1058,0,Least complete elements,0.0
X_223_9_36,urn:osse-11:dataelement:36:1,1058,0,Least complete elements,0.0
X_234_0_308,urn:osse-11:dataelement:308:1,555,0,Least complete elements,0.0
X_234_0_309,urn:osse-11:dataelement:309:1,555,0,Least complete elements,0.0
X_234_0_310,urn:osse-11:dataelement:310:1,555,0,Least complete elements,0.0
X_234_0_311,urn:osse-11:dataelement:311:1,555,0,Least complete elements,0.0
X_234_0_313,urn:osse-11:dataelement:313:1,555,0,Least complete elements,0.0
X_234_0_314,urn:osse-11:dataelement:314:1,555,0,Least complete elements,0.0
X_234_0_315,urn:osse-11:dataelement:315:1,555,0,Least complete elements,0.0
X_230_0_82,urn:osse-11:dataelement:82:1,416,0,Least complete elements,0.0
X_233_0_196,urn:osse-11:dataelement:196:1,412,0,Least complete elements,0.0
X_233_0_353,urn:osse-11:dataelement:353:1,410,0,Least complete elements,0.0
X_224_20_82,urn:osse-11:dataelement:82:1,261,0,Least complete elements,0.0
X_227_0_196,urn:osse-11:dataelement:196:1,248,0,Least complete elements,0.0
X_228_47_201,urn:osse-11:dataelement:201:1,1155,1,Least complete elements,0.09
X_230_0_81,urn:osse-11:dataelement:81:1,1151,1,Least complete elements,0.09
X_233_0_294,urn:osse-11:dataelement:294:1,1141,1,Least complete elements,0.09
X_223_9_35,urn:osse-11:dataelement:35:1,1058,1,Least complete elements,0.09
X_223_9_37,urn:osse-11:dataelement:37:1,1057,1,Least complete elements,0.09
X_233_0_195,urn:osse-11:dataelement:195:1,1135,2,Least complete elements,0.18
X_234_0_306,urn:osse-11:dataelement:306:1,554,1,Least complete elements,0.18
X_234_0_307,urn:osse-11:dataelement:307:1,554,1,Least complete elements,0.18
X_234_0_312,urn:osse-11:dataelement:312:1,554,1,Least complete elements,0.18
X_234_0_316,urn:osse-11:dataelement:316:1,554,1,Least complete elements,0.18
X_234_0_317,urn:osse-11:dataelement:317:1,554,1,Least complete elements,0.18
X_234_0_318,urn:osse-11:dataelement:318:1,554,1,Least complete elements,0.18
X_234_0_319,urn:osse-11:dataelement:319:1,554,1,Least complete elements,0.18
X_234_0_369,urn:osse-11:dataelement:369:2,550,1,Least complete elements,0.18
X_234_0_370,urn:osse-11:dataelement:370:1,550,1,Least complete elements,0.18
X_234_0_371,urn:osse-11:dataelement:371:1,550,1,Least complete elements,0.18
X_234_0_372,urn:osse-11:dataelement:372:1,550,1,Least complete elements,0.18
X_234_0_373,urn:osse-11:dataelement:373:1,550,1,Least complete elements,0.18
X_229_0_222,urn:osse-11:dataelement:222:1,1152,3,Least complete elements,0.26
X_233_0_293,urn:osse-11:dataelement:293:1,1140,3,Least complete elements,0.26
X_230_0_80,urn:osse-11:dataelement:80:1,1149,4,Least complete elements,0.35
X_230_0_83,urn:osse-11:dataelement:83:1,1144,4,Least complete elements,0.35
X_223_8_29,urn:osse-11:dataelement:29:1,1055,4,Least complete elements,0.38
X_222_0_45,urn:osse-11:dataelement:45:1,265,1,Least complete elements,0.38
X_224_20_81,urn:osse-11:dataelement:81:1,261,1,Least complete elements,0.38
X_229_0_227,urn:osse-11:dataelement:227:1,1141,5,Least complete elements,0.44
X_234_0_305,urn:osse-11:dataelement:305:1,552,3,Least complete elements,0.54
X_228_47_200,urn:osse-11:dataelement:200:1,1146,7,Least complete elements,0.61
X_224_20_80,urn:osse-11:dataelement:80:1,261,2,Least complete elements,0.77
X_224_20_83,urn:osse-11:dataelement:83:1,261,2,Least complete elements,0.77
X_227_0_195,urn:osse-11:dataelement:195:1,248,2,Least complete elements,0.81
X_235_0_324,urn:osse-11:dataelement:324:1,1092,9,Least complete elements,0.82
X_233_0_295,urn:osse-11:dataelement:295:1,1127,10,Least complete elements,0.89
X_233_40_177,urn:osse-11:dataelement:177:1,1126,10,Least complete elements,0.89
X_231_0_246,urn:osse-11:dataelement:246:1,1132,11,Least complete elements,0.97
X_230_0_85,urn:osse-11:dataelement:85:1,1130,11,Least complete elements,0.97
X_230_0_84,urn:osse-11:dataelement:84:1,1138,12,Least complete elements,1.05
X_231_0_255,urn:osse-11:dataelement:255:1,1123,12,Least complete elements,1.07
X_235_59_325,urn:osse-11:dataelement:325:1,1084,12,Least complete elements,1.11
X_233_42_182,urn:osse-11:dataelement:182:1,1116,13,Least complete elements,1.16
X_229_51_214,urn:osse-11:dataelement:214:1,1133,14,Least complete elements,1.24
X_236_0_344,urn:osse-11:dataelement:344:1,1115,18,Least complete elements,1.61
X_236_0_342,urn:osse-11:dataelement:342:1,1095,22,Least complete elements,2.01
X_234_0_302,urn:osse-11:dataelement:302:1,533,11,Least complete elements,2.06
X_230_0_78,urn:osse-11:dataelement:78:1,1108,24,Least complete elements,2.17
X_234_0_298,urn:osse-11:dataelement:298:1,533,12,Least complete elements,2.25
X_225_22_103,urn:osse-11:dataelement:103:1,261,6,Least complete elements,2.3
X_230_0_79,urn:osse-11:dataelement:79:1,2146,54,Least complete elements,2.52
X_229_53_134,urn:osse-11:dataelement:134:1,1099,28,Least complete elements,2.55
X_233_0_364,urn:osse-11:dataelement:364:1,1088,28,Least complete elements,2.57
X_223_9_33,urn:osse-11:dataelement:33:1,1016,27,Least complete elements,2.66
X_224_20_85,urn:osse-11:dataelement:85:1,261,7,Least complete elements,2.68
X_227_42_182,urn:osse-11:dataelement:182:1,248,7,Least complete elements,2.82
X_230_0_77,urn:osse-11:dataelement:77:1,1094,33,Least complete elements,3.02
X_231_0_252,urn:osse-11:dataelement:252:1,1085,35,Least complete elements,3.23
X_227_40_177,urn:osse-11:dataelement:177:1,248,8,Least complete elements,3.23
X_235_60_252,urn:osse-11:dataelement:252:1,1046,35,Least complete elements,3.35
X_223_7_30,urn:osse-11:dataelement:30:1,991,35,Least complete elements,3.53
X_223_9_29,urn:osse-11:dataelement:29:1,1001,36,Least complete elements,3.6
X_235_69_254,urn:osse-11:dataelement:254:1,1025,37,Least complete elements,3.61
X_229_53_135,urn:osse-11:dataelement:135:1,1074,39,Least complete elements,3.63
X_234_0_303,urn:osse-11:dataelement:303:1,527,20,Least complete elements,3.8
X_235_59_254,urn:osse-11:dataelement:254:1,1016,40,Least complete elements,3.94
X_231_0_254,urn:osse-11:dataelement:254:1,1049,42,Least complete elements,4.0
X_231_0_250,urn:osse-11:dataelement:250:1,1077,44,Least complete elements,4.09
X_230_0_76,urn:osse-11:dataelement:76:1,1064,44,Least complete elements,4.14
X_224_20_84,urn:osse-11:dataelement:84:1,265,11,Least complete elements,4.15
X_224_20_78,urn:osse-11:dataelement:78:1,261,11,Least complete elements,4.21
X_229_51_211,urn:osse-11:dataelement:211:1,1084,47,Least complete elements,4.34
X_231_0_248,urn:osse-11:dataelement:248:1,1073,48,Least complete elements,4.47
X_229_51_212,urn:osse-11:dataelement:212:1,1086,50,Least complete elements,4.6
X_226_0_137,urn:osse-11:dataelement:137:1,257,13,Least complete elements,5.06
X_231_0_271,urn:osse-11:dataelement:271:1,1045,54,Least complete elements,5.17
X_231_0_270,urn:osse-11:dataelement:270:1,1044,55,Least complete elements,5.27
X_231_0_272,urn:osse-11:dataelement:272:1,1033,58,Least complete elements,5.61
X_231_0_269,urn:osse-11:dataelement:269:1,1032,59,Least complete elements,5.72
X_234_0_301,urn:osse-11:dataelement:301:1,505,29,Least complete elements,5.74
X_228_0_355,urn:osse-11:dataelement:355:1,1016,61,Least complete elements,6.0
X_231_0_251,urn:osse-11:dataelement:251:1,1030,65,Least complete elements,6.31
X_224_20_77,urn:osse-11:dataelement:77:1,261,17,Least complete elements,6.51
X_231_0_249,urn:osse-11:dataelement:249:1,1027,67,Least complete elements,6.52
X_231_0_247,urn:osse-11:dataelement:247:1,1022,68,Least complete elements,6.65
X_222_0_52,urn:osse-11:dataelement:52:2,279,20,Least complete elements,7.17
X_236_0_339,urn:osse-11:dataelement:339:1,996,73,Least complete elements,7.33
X_226_30_134,urn:osse-11:dataelement:134:1,257,20,Least complete elements,7.78
X_235_66_282,urn:osse-11:dataelement:282:1,964,77,Least complete elements,7.99
X_235_60_283,urn:osse-11:dataelement:283:1,951,82,Least complete elements,8.62
X_224_20_76,urn:osse-11:dataelement:76:1,261,23,Least complete elements,8.81
X_232_0_281,urn:osse-11:dataelement:281:1,974,87,Least complete elements,8.93
X_232_0_282,urn:osse-11:dataelement:282:1,974,87,Least complete elements,8.93
X_232_0_283,urn:osse-11:dataelement:283:1,974,87,Least complete elements,8.93
X_232_0_356,urn:osse-11:dataelement:356:1,971,87,Least complete elements,8.96
X_232_0_289,urn:osse-11:dataelement:289:1,976,92,Least complete elements,9.43
X_236_0_341,urn:osse-11:dataelement:341:1,992,94,Least complete elements,9.48
X_232_0_280,urn:osse-11:dataelement:280:1,961,92,Least complete elements,9.57
X_228_0_111,urn:osse-11:dataelement:111:1,1007,103,Least complete elements,10.23
X_226_30_135,urn:osse-11:dataelement:135:1,257,27,Least complete elements,10.51
X_224_20_79,urn:osse-11:dataelement:79:1,261,28,Least complete elements,10.73
X_224_20_87,urn:osse-11:dataelement:87:1,261,28,Least complete elements,10.73
X_236_0_340,urn:osse-11:dataelement:340:1,913,110,Least complete elements,12.05
X_225_22_100,urn:osse-11:dataelement:100:1,261,33,Least complete elements,12.64
X_223_7_29,urn:osse-11:dataelement:29:1,860,111,Least complete elements,12.91
X_233_0_296,urn:osse-11:dataelement:296:1,915,119,Least complete elements,13.01
X_231_0_278,urn:osse-11:dataelement:278:1,917,125,Least complete elements,13.63
X_222_0_50,urn:osse-11:dataelement:50:1,265,37,Least complete elements,13.96
X_233_0_361,urn:osse-11:dataelement:361:1,901,129,Least complete elements,14.32
X_233_0_362,urn:osse-11:dataelement:362:1,922,133,Least complete elements,14.43
X_232_0_359,urn:osse-11:dataelement:359:1,908,132,Least complete elements,14.54
X_232_0_358,urn:osse-11:dataelement:358:1,900,133,Least complete elements,14.78
X_224_20_72,urn:osse-11:dataelement:72:1,261,39,Least complete elements,14.94
X_225_22_97,urn:osse-11:dataelement:97:1,261,42,Least complete elements,16.09
X_232_0_286,urn:osse-11:dataelement:286:1,909,147,Least complete elements,16.17
X_232_0_287,urn:osse-11:dataelement:287:1,909,147,Least complete elements,16.17
X_232_0_288,urn:osse-11:dataelement:288:1,909,147,Least complete elements,16.17
X_233_0_360,urn:osse-11:dataelement:360:1,834,185,Least complete elements,22.18
X_225_0_346,urn:osse-11:dataelement:346:1,260,61,Least complete elements,23.46
X_228_47_202,urn:osse-11:dataelement:202:1,820,195,Least complete elements,23.78
X_233_0_363,urn:osse-11:dataelement:363:1,795,202,Least complete elements,25.41
X_226_0_355,urn:osse-11:dataelement:355:1,255,67,Least complete elements,26.27
X_235_0_322,urn:osse-11:dataelement:322:1,734,203,Least complete elements,27.66
X_228_47_199,urn:osse-11:dataelement:199:1,780,224,Least complete elements,28.72
X_231_0_275,urn:osse-11:dataelement:275:1,758,223,Least complete elements,29.42
X_225_23_107,urn:osse-11:dataelement:107:1,261,84,Least complete elements,32.18
X_228_0_346,urn:osse-11:dataelement:346:1,701,250,Least complete elements,35.66
X_226_0_111,urn:osse-11:dataelement:111:1,280,101,Least complete elements,36.07
X_235_69_347,urn:osse-11:dataelement:347:1,606,282,Least complete elements,46.53
X_225_21_96,urn:osse-11:dataelement:96:1,261,122,Least complete elements,46.74
X_225_21_95,urn:osse-11:dataelement:95:1,261,123,Least complete elements,47.13
X_231_0_347,urn:osse-11:dataelement:347:1,611,296,Least complete elements,48.45
X_225_21_94,urn:osse-11:dataelement:94:1,261,127,Least complete elements,48.66
X_231_0_268,urn:osse-11:dataelement:268:1,618,307,Least complete elements,49.68
X_235_0_88,urn:osse-11:dataelement:88:1,583,298,Least complete elements,51.11
X_231_0_260,urn:osse-11:dataelement:260:1,587,307,Least complete elements,52.3
X_235_66_335,urn:osse-11:dataelement:335:1,575,303,Least complete elements,52.7
X_224_20_86,urn:osse-11:dataelement:86:1,261,139,Least complete elements,53.26
X_235_66_73,urn:osse-11:dataelement:73:1,572,308,Least complete elements,53.85
X_231_0_262,urn:osse-11:dataelement:262:1,565,332,Least complete elements,58.76
X_223_2_19,urn:osse-11:dataelement:19:1,503,303,Least complete elements,60.24
X_235_0_329,urn:osse-11:dataelement:329:1,540,334,Least complete elements,61.85
X_235_0_328,urn:osse-11:dataelement:328:1,539,335,Least complete elements,62.15
X_223_2_14,urn:osse-11:dataelement:14:1,494,311,Least complete elements,62.96
X_234_0_299,urn:osse-11:dataelement:299:1,246,163,Least complete elements,66.26
X_231_0_273,urn:osse-11:dataelement:273:1,530,353,Least complete elements,66.6
X_235_66_71,urn:osse-11:dataelement:71:1,507,346,Least complete elements,68.24
X_231_0_277,urn:osse-11:dataelement:277:1,517,355,Least complete elements,68.67
X_224_0_245,urn:osse-11:dataelement:245:1,260,179,Least complete elements,68.85
X_224_0_266,urn:osse-11:dataelement:266:1,260,180,Least complete elements,69.23
X_224_0_88,urn:osse-11:dataelement:88:1,261,182,Least complete elements,69.73
X_231_0_276,urn:osse-11:dataelement:276:1,512,358,Least complete elements,69.92
X_231_0_253,urn:osse-11:dataelement:253:1,518,371,Least complete elements,71.62
X_225_23_106,urn:osse-11:dataelement:106:1,369,265,Least complete elements,71.82
X_235_64_167,urn:osse-11:dataelement:167:1,496,357,Least complete elements,71.98
X_224_0_91,urn:osse-11:dataelement:91:1,261,189,Least complete elements,72.41
X_230_0_237,urn:osse-11:dataelement:237:1,501,378,Least complete elements,75.45
X_226_28_125,urn:osse-11:dataelement:125:1,278,213,Least complete elements,76.62
X_225_22_98,urn:osse-11:dataelement:98:1,261,200,Least complete elements,76.63
X_226_29_129,urn:osse-11:dataelement:129:1,269,212,Least complete elements,78.81
X_226_27_123,urn:osse-11:dataelement:123:1,265,210,Least complete elements,79.25
X_230_0_240,urn:osse-11:dataelement:240:1,478,380,Least complete elements,79.5
X_235_60_240,urn:osse-11:dataelement:240:1,460,368,Least complete elements,80.0
X_230_0_75,urn:osse-11:dataelement:75:1,474,382,Least complete elements,80.59
X_229_52_216,urn:osse-11:dataelement:216:1,474,392,Least complete elements,82.7
X_225_21_93,urn:osse-11:dataelement:93:1,261,217,Least complete elements,83.14
X_233_39_168,urn:osse-11:dataelement:168:1,479,403,Least complete elements,84.13
X_229_51_213,urn:osse-11:dataelement:213:1,464,391,Least complete elements,84.27
X_233_34_152,urn:osse-11:dataelement:152:1,457,386,Least complete elements,84.46
X_228_0_203,urn:osse-11:dataelement:203:1,459,388,Least complete elements,84.53
X_229_52_217,urn:osse-11:dataelement:217:1,458,388,Least complete elements,84.72
X_229_54_229,urn:osse-11:dataelement:229:1,930,788,Least complete elements,84.73
X_233_45_190,urn:osse-11:dataelement:190:1,453,384,Least complete elements,84.77
X_231_0_267,urn:osse-11:dataelement:267:1,465,396,Least complete elements,85.16
X_233_33_147,urn:osse-11:dataelement:147:1,454,387,Least complete elements,85.24
X_229_54_230,urn:osse-11:dataelement:230:1,926,790,Least complete elements,85.31
X_233_43_184,urn:osse-11:dataelement:184:1,451,385,Least complete elements,85.37
X_224_20_73,urn:osse-11:dataelement:73:1,261,223,Least complete elements,85.44
X_229_54_228,urn:osse-11:dataelement:228:1,924,790,Least complete elements,85.5
X_233_41_179,urn:osse-11:dataelement:179:1,455,390,Least complete elements,85.71
X_228_0_109,urn:osse-11:dataelement:109:1,456,391,Least complete elements,85.75
X_233_32_142,urn:osse-11:dataelement:142:1,456,391,Least complete elements,85.75
X_229_51_210,urn:osse-11:dataelement:210:1,460,395,Least complete elements,85.87
X_235_69_117,urn:osse-11:dataelement:117:1,440,378,Least complete elements,85.91
X_235_69_323,urn:osse-11:dataelement:323:1,440,378,Least complete elements,85.91
X_233_55_291,urn:osse-11:dataelement:291:1,456,393,Least complete elements,86.18
X_230_0_73,urn:osse-11:dataelement:73:1,458,395,Least complete elements,86.24
X_229_52_218,urn:osse-11:dataelement:218:1,453,392,Least complete elements,86.53
X_229_53_136,urn:osse-11:dataelement:136:1,454,394,Least complete elements,86.78
X_233_35_157,urn:osse-11:dataelement:157:1,447,389,Least complete elements,87.02
X_233_35_155,urn:osse-11:dataelement:155:1,460,402,Least complete elements,87.39
X_233_34_151,urn:osse-11:dataelement:151:1,890,780,Least complete elements,87.64
X_230_0_350,urn:osse-11:dataelement:350:1,444,390,Least complete elements,87.84
X_229_0_225,urn:osse-11:dataelement:225:1,449,397,Least complete elements,88.42
X_235_60_326,urn:osse-11:dataelement:326:1,434,384,Least complete elements,88.48
X_235_66_326,urn:osse-11:dataelement:326:1,434,384,Least complete elements,88.48
X_224_20_75,urn:osse-11:dataelement:75:1,261,231,Least complete elements,88.51
X_235_64_334,urn:osse-11:dataelement:334:1,436,386,Least complete elements,88.53
X_235_64_69,urn:osse-11:dataelement:69:1,436,386,Least complete elements,88.53
X_233_0_194,urn:osse-11:dataelement:194:1,447,396,Least complete elements,88.59
X_235_63_323,urn:osse-11:dataelement:323:1,431,382,Least complete elements,88.63
X_229_52_215,urn:osse-11:dataelement:215:1,448,398,Least complete elements,88.84
X_233_38_166,urn:osse-11:dataelement:166:1,523,465,Least complete elements,88.91
X_233_0_158,urn:osse-11:dataelement:158:1,443,394,Least complete elements,88.94
X_235_60_239,urn:osse-11:dataelement:239:1,434,386,Least complete elements,88.94
X_233_55_164,urn:osse-11:dataelement:164:1,450,401,Least complete elements,89.11
X_235_60_238,urn:osse-11:dataelement:238:1,434,387,Least complete elements,89.17
X_233_0_159,urn:osse-11:dataelement:159:1,441,394,Least complete elements,89.34
X_235_64_66,urn:osse-11:dataelement:66:1,433,387,Least complete elements,89.38
X_229_53_226,urn:osse-11:dataelement:226:2,896,802,Least complete elements,89.51
X_233_34_153,urn:osse-11:dataelement:153:1,440,394,Least complete elements,89.55
X_235_64_67,urn:osse-11:dataelement:67:1,433,388,Least complete elements,89.61
X_235_64_68,urn:osse-11:dataelement:68:1,433,388,Least complete elements,89.61
X_230_0_236,urn:osse-11:dataelement:236:1,448,403,Least complete elements,89.96
X_233_40_176,urn:osse-11:dataelement:176:1,452,407,Least complete elements,90.04
X_229_54_231,urn:osse-11:dataelement:231:1,446,402,Least complete elements,90.13
X_233_35_156,urn:osse-11:dataelement:156:1,439,396,Least complete elements,90.21
X_223_2_13,urn:osse-11:dataelement:13:2,804,726,Least complete elements,90.3
X_224_0_90,urn:osse-11:dataelement:90:1,261,236,Least complete elements,90.42
X_230_0_239,urn:osse-11:dataelement:239:1,444,402,Least complete elements,90.54
X_233_0_169,urn:osse-11:dataelement:169:1,438,397,Least complete elements,90.64
X_235_0_91,urn:osse-11:dataelement:91:1,429,389,Least complete elements,90.68
X_227_45_190,urn:osse-11:dataelement:190:1,249,226,Least complete elements,90.76
X_230_0_238,urn:osse-11:dataelement:238:1,444,403,Least complete elements,90.77
X_230_0_69,urn:osse-11:dataelement:69:1,443,403,Least complete elements,90.97
X_227_34_152,urn:osse-11:dataelement:152:1,248,226,Least complete elements,91.13
X_231_0_263,urn:osse-11:dataelement:263:1,444,405,Least complete elements,91.22
X_233_0_188,urn:osse-11:dataelement:188:1,436,398,Least complete elements,91.28
X_226_29_118,urn:osse-11:dataelement:118:1,257,235,Least complete elements,91.44
X_233_0_172,urn:osse-11:dataelement:172:1,435,399,Least complete elements,91.72
X_233_0_193,urn:osse-11:dataelement:193:1,436,400,Least complete elements,91.74
X_229_0_224,urn:osse-11:dataelement:224:1,442,406,Least complete elements,91.86
X_233_42_181,urn:osse-11:dataelement:181:1,434,399,Least complete elements,91.94
X_227_32_142,urn:osse-11:dataelement:142:1,262,241,Least complete elements,91.98
X_230_0_68,urn:osse-11:dataelement:68:1,439,404,Least complete elements,92.03
X_227_43_184,urn:osse-11:dataelement:184:1,251,231,Least complete elements,92.03
X_230_0_67,urn:osse-11:dataelement:67:1,441,406,Least complete elements,92.06
X_227_39_168,urn:osse-11:dataelement:168:1,255,235,Least complete elements,92.16
X_227_35_155,urn:osse-11:dataelement:155:1,258,238,Least complete elements,92.25
X_227_34_151,urn:osse-11:dataelement:151:1,496,458,Least complete elements,92.34
X_227_33_147,urn:osse-11:dataelement:147:1,250,231,Least complete elements,92.4
X_233_31_139,urn:osse-11:dataelement:139:1,436,403,Least complete elements,92.43
X_235_0_321,urn:osse-11:dataelement:321:1,424,392,Least complete elements,92.45
X_233_32_145,urn:osse-11:dataelement:145:1,431,399,Least complete elements,92.58
X_233_35_154,urn:osse-11:dataelement:154:1,432,400,Least complete elements,92.59
X_226_30_136,urn:osse-11:dataelement:136:1,257,238,Least complete elements,92.61
X_233_33_149,urn:osse-11:dataelement:149:1,435,403,Least complete elements,92.64
X_227_35_157,urn:osse-11:dataelement:157:1,248,230,Least complete elements,92.74
X_233_44_187,urn:osse-11:dataelement:187:1,430,399,Least complete elements,92.79
X_233_0_185,urn:osse-11:dataelement:185:1,431,401,Least complete elements,93.04
X_233_39_167,urn:osse-11:dataelement:167:1,430,401,Least complete elements,93.26
X_233_44_186,urn:osse-11:dataelement:186:1,431,402,Least complete elements,93.27
X_233_33_148,urn:osse-11:dataelement:148:1,433,404,Least complete elements,93.3
X_226_27_118,urn:osse-11:dataelement:118:1,257,240,Least complete elements,93.39
X_226_28_118,urn:osse-11:dataelement:118:1,257,240,Least complete elements,93.39
X_233_41_178,urn:osse-11:dataelement:178:1,430,402,Least complete elements,93.49
X_233_32_143,urn:osse-11:dataelement:143:1,431,404,Least complete elements,93.74
X_233_34_150,urn:osse-11:dataelement:150:1,431,404,Least complete elements,93.74
X_231_0_357,urn:osse-11:dataelement:357:1,433,406,Least complete elements,93.76
X_226_26_118,urn:osse-11:dataelement:118:1,257,241,Least complete elements,93.77
X_226_29_128,urn:osse-11:dataelement:128:1,257,241,Least complete elements,93.77
X_229_0_223,urn:osse-11:dataelement:223:1,436,409,Least complete elements,93.81
X_235_69_256,urn:osse-11:dataelement:256:1,420,394,Least complete elements,93.81
X_225_22_99,urn:osse-11:dataelement:99:1,261,245,Least complete elements,93.87
X_230_0_74,urn:osse-11:dataelement:74:1,431,405,Least complete elements,93.97
X_235_69_264,urn:osse-11:dataelement:264:1,420,395,Least complete elements,94.05
X_233_0_162,urn:osse-11:dataelement:162:1,427,402,Least complete elements,94.15
X_229_0_220,urn:osse-11:dataelement:220:1,433,408,Least complete elements,94.23
X_224_20_74,urn:osse-11:dataelement:74:1,261,246,Least complete elements,94.25
X_233_0_174,urn:osse-11:dataelement:174:1,426,402,Least complete elements,94.37
X_233_0_170,urn:osse-11:dataelement:170:1,427,403,Least complete elements,94.38
X_233_36_161,urn:osse-11:dataelement:161:1,612,578,Least complete elements,94.44
X_235_0_56,urn:osse-11:dataelement:56:1,419,396,Least complete elements,94.51
X_235_68_266,urn:osse-11:dataelement:266:1,419,396,Least complete elements,94.51
X_226_26_121,urn:osse-11:dataelement:121:1,257,243,Least complete elements,94.55
X_226_29_127,urn:osse-11:dataelement:127:1,257,243,Least complete elements,94.55
X_227_40_176,urn:osse-11:dataelement:176:1,258,244,Least complete elements,94.57
X_233_0_171,urn:osse-11:dataelement:171:1,426,403,Least complete elements,94.6
X_225_22_102,urn:osse-11:dataelement:102:1,261,247,Least complete elements,94.64
X_231_0_266,urn:osse-11:dataelement:266:1,434,411,Least complete elements,94.7
X_225_22_101,urn:osse-11:dataelement:101:1,416,394,Least complete elements,94.71
X_227_0_172,urn:osse-11:dataelement:172:1,248,235,Least complete elements,94.76
X_233_31_140,urn:osse-11:dataelement:140:1,424,402,Least complete elements,94.81
X_227_38_166,urn:osse-11:dataelement:166:1,293,278,Least complete elements,94.88
X_227_37_164,urn:osse-11:dataelement:164:1,256,243,Least complete elements,94.92
X_227_41_179,urn:osse-11:dataelement:179:1,256,243,Least complete elements,94.92
X_226_0_130,urn:osse-11:dataelement:130:1,257,244,Least complete elements,94.94
X_226_0_132,urn:osse-11:dataelement:132:1,257,244,Least complete elements,94.94
X_226_25_116,urn:osse-11:dataelement:116:1,257,244,Least complete elements,94.94
X_226_26_119,urn:osse-11:dataelement:119:1,257,244,Least complete elements,94.94
X_233_38_165,urn:osse-11:dataelement:165:1,424,403,Least complete elements,95.05
X_233_45_189,urn:osse-11:dataelement:189:1,424,403,Least complete elements,95.05
X_233_33_146,urn:osse-11:dataelement:146:1,427,406,Least complete elements,95.08
X_227_0_188,urn:osse-11:dataelement:188:1,248,236,Least complete elements,95.16
X_227_33_148,urn:osse-11:dataelement:148:1,248,236,Least complete elements,95.16
X_227_33_149,urn:osse-11:dataelement:149:1,248,236,Least complete elements,95.16
X_235_0_320,urn:osse-11:dataelement:320:1,415,395,Least complete elements,95.18
X_227_31_139,urn:osse-11:dataelement:139:1,251,239,Least complete elements,95.22
X_233_36_160,urn:osse-11:dataelement:160:1,423,403,Least complete elements,95.27
X_233_0_173,urn:osse-11:dataelement:173:1,424,404,Least complete elements,95.28
X_233_0_180,urn:osse-11:dataelement:180:1,424,404,Least complete elements,95.28
X_233_43_183,urn:osse-11:dataelement:183:1,424,404,Least complete elements,95.28
X_233_40_175,urn:osse-11:dataelement:175:1,425,405,Least complete elements,95.29
X_226_0_109,urn:osse-11:dataelement:109:1,255,243,Least complete elements,95.29
X_226_30_133,urn:osse-11:dataelement:133:1,257,245,Least complete elements,95.33
X_228_47_198,urn:osse-11:dataelement:198:1,429,409,Least complete elements,95.34
X_224_19_69,urn:osse-11:dataelement:69:1,261,249,Least complete elements,95.4
X_235_56_266,urn:osse-11:dataelement:266:1,416,397,Least complete elements,95.43
X_233_55_163,urn:osse-11:dataelement:163:1,423,404,Least complete elements,95.51
X_230_0_349,urn:osse-11:dataelement:349:1,427,408,Least complete elements,95.55
X_227_0_158,urn:osse-11:dataelement:158:1,248,237,Least complete elements,95.56
X_227_0_159,urn:osse-11:dataelement:159:1,248,237,Least complete elements,95.56
X_227_0_162,urn:osse-11:dataelement:162:1,248,237,Least complete elements,95.56
X_227_0_171,urn:osse-11:dataelement:171:1,248,237,Least complete elements,95.56
X_227_0_194,urn:osse-11:dataelement:194:1,248,237,Least complete elements,95.56
X_227_32_145,urn:osse-11:dataelement:145:1,248,237,Least complete elements,95.56
X_227_35_156,urn:osse-11:dataelement:156:1,248,237,Least complete elements,95.56
X_235_68_256,urn:osse-11:dataelement:256:1,414,396,Least complete elements,95.65
X_226_0_131,urn:osse-11:dataelement:131:1,257,246,Least complete elements,95.72
X_226_26_120,urn:osse-11:dataelement:120:1,257,246,Least complete elements,95.72
X_224_0_63,urn:osse-11:dataelement:63:1,261,250,Least complete elements,95.79
X_224_19_70,urn:osse-11:dataelement:70:1,261,250,Least complete elements,95.79
X_235_68_245,urn:osse-11:dataelement:245:1,413,396,Least complete elements,95.88
X_227_0_170,urn:osse-11:dataelement:170:1,248,238,Least complete elements,95.97
X_227_34_150,urn:osse-11:dataelement:150:1,248,238,Least complete elements,95.97
X_227_34_153,urn:osse-11:dataelement:153:1,248,238,Least complete elements,95.97
X_227_45_189,urn:osse-11:dataelement:189:1,248,238,Least complete elements,95.97
X_233_32_144,urn:osse-11:dataelement:144:1,424,407,Least complete elements,95.99
X_231_0_245,urn:osse-11:dataelement:245:1,428,411,Least complete elements,96.03
X_229_0_221,urn:osse-11:dataelement:221:1,428,412,Least complete elements,96.26
X_227_0_169,urn:osse-11:dataelement:169:1,248,239,Least complete elements,96.37
X_227_0_173,urn:osse-11:dataelement:173:1,248,239,Least complete elements,96.37
X_227_32_143,urn:osse-11:dataelement:143:1,248,239,Least complete elements,96.37
X_227_32_144,urn:osse-11:dataelement:144:1,248,239,Least complete elements,96.37
X_227_35_154,urn:osse-11:dataelement:154:1,248,239,Least complete elements,96.37
X_227_39_167,urn:osse-11:dataelement:167:1,248,239,Least complete elements,96.37
X_227_44_186,urn:osse-11:dataelement:186:1,248,239,Least complete elements,96.37
X_227_44_187,urn:osse-11:dataelement:187:1,248,239,Least complete elements,96.37
X_224_19_67,urn:osse-11:dataelement:67:1,261,252,Least complete elements,96.55
X_224_19_68,urn:osse-11:dataelement:68:1,261,252,Least complete elements,96.55
X_235_56_256,urn:osse-11:dataelement:256:1,411,397,Least complete elements,96.59
X_235_65_256,urn:osse-11:dataelement:256:1,411,397,Least complete elements,96.59
X_231_0_256,urn:osse-11:dataelement:256:1,426,412,Least complete elements,96.71
X_227_0_174,urn:osse-11:dataelement:174:1,248,240,Least complete elements,96.77
X_227_0_193,urn:osse-11:dataelement:193:1,248,240,Least complete elements,96.77
X_227_33_146,urn:osse-11:dataelement:146:1,248,240,Least complete elements,96.77
X_227_36_160,urn:osse-11:dataelement:160:1,248,240,Least complete elements,96.77
X_227_37_163,urn:osse-11:dataelement:163:1,248,240,Least complete elements,96.77
X_227_38_165,urn:osse-11:dataelement:165:1,248,240,Least complete elements,96.77
X_235_60_245,urn:osse-11:dataelement:245:1,410,397,Least complete elements,96.83
X_235_56_264,urn:osse-11:dataelement:264:1,411,398,Least complete elements,96.84
X_235_59_264,urn:osse-11:dataelement:264:1,411,398,Least complete elements,96.84
X_235_61_264,urn:osse-11:dataelement:264:1,411,398,Least complete elements,96.84
X_235_61_330,urn:osse-11:dataelement:330:1,411,398,Least complete elements,96.84
X_235_65_333,urn:osse-11:dataelement:333:1,411,398,Least complete elements,96.84
X_226_28_124,urn:osse-11:dataelement:124:1,257,249,Least complete elements,96.89
X_231_0_264,urn:osse-11:dataelement:264:1,426,413,Least complete elements,96.95
X_227_36_161,urn:osse-11:dataelement:161:1,362,351,Least complete elements,96.96
X_227_0_180,urn:osse-11:dataelement:180:1,248,241,Least complete elements,97.18
X_227_0_185,urn:osse-11:dataelement:185:1,248,241,Least complete elements,97.18
X_227_31_140,urn:osse-11:dataelement:140:1,248,241,Least complete elements,97.18
X_227_41_178,urn:osse-11:dataelement:178:1,248,241,Least complete elements,97.18
X_227_43_183,urn:osse-11:dataelement:183:1,248,241,Least complete elements,97.18
X_226_25_117,urn:osse-11:dataelement:117:1,257,250,Least complete elements,97.28
X_235_68_265,urn:osse-11:dataelement:265:1,410,399,Least complete elements,97.32
X_235_65_64,urn:osse-11:dataelement:64:1,409,399,Least complete elements,97.56
X_227_40_175,urn:osse-11:dataelement:175:1,248,242,Least complete elements,97.58
X_227_42_181,urn:osse-11:dataelement:181:1,248,242,Least complete elements,97.58
X_224_0_89,urn:osse-11:dataelement:89:1,261,255,Least complete elements,97.7
X_224_18_64,urn:osse-11:dataelement:64:1,261,255,Least complete elements,97.7
X_224_18_65,urn:osse-11:dataelement:65:1,261,255,Least complete elements,97.7
X_224_20_71,urn:osse-11:dataelement:71:1,261,255,Least complete elements,97.7
X_233_32_141,urn:osse-11:dataelement:141:1,418,409,Least complete elements,97.85
X_235_61_57,urn:osse-11:dataelement:57:1,408,400,Least complete elements,98.04
X_226_27_122,urn:osse-11:dataelement:122:1,257,252,Least complete elements,98.05
X_226_29_126,urn:osse-11:dataelement:126:1,257,252,Least complete elements,98.05
X_224_19_66,urn:osse-11:dataelement:66:1,261,256,Least complete elements,98.08
X_231_0_274,urn:osse-11:dataelement:274:1,423,415,Least complete elements,98.11
X_235_56_265,urn:osse-11:dataelement:265:1,407,400,Least complete elements,98.28
X_235_62_265,urn:osse-11:dataelement:265:1,407,400,Least complete elements,98.28
X_235_62_331,urn:osse-11:dataelement:331:1,407,400,Least complete elements,98.28
X_233_31_138,urn:osse-11:dataelement:138:1,416,409,Least complete elements,98.32
X_231_0_244,urn:osse-11:dataelement:244:1,422,415,Least complete elements,98.34
X_231_0_265,urn:osse-11:dataelement:265:1,422,415,Least complete elements,98.34
X_231_0_348,urn:osse-11:dataelement:348:1,421,414,Least complete elements,98.34
X_227_32_141,urn:osse-11:dataelement:141:1,248,244,Least complete elements,98.39
X_224_0_337,urn:osse-11:dataelement:337:1,260,256,Least complete elements,98.46
X_231_0_242,urn:osse-11:dataelement:242:1,421,415,Least complete elements,98.57
X_226_26_115,urn:osse-11:dataelement:115:1,257,254,Least complete elements,98.83
X_235_0_336,urn:osse-11:dataelement:336:1,405,401,Least complete elements,99.01
X_235_62_59,urn:osse-11:dataelement:59:1,405,401,Least complete elements,99.01
X_235_63_332,urn:osse-11:dataelement:332:1,405,401,Least complete elements,99.01
X_235_68_337,urn:osse-11:dataelement:337:1,405,401,Least complete elements,99.01
X_226_25_114,urn:osse-11:dataelement:114:1,257,255,Least complete elements,99.22
X_224_0_62,urn:osse-11:dataelement:62:1,261,259,Least complete elements,99.23
X_224_16_58,urn:osse-11:dataelement:58:1,261,259,Least complete elements,99.23
X_224_17_59,urn:osse-11:dataelement:59:1,261,259,Least complete elements,99.23
X_224_17_60,urn:osse-11:dataelement:60:1,261,259,Least complete elements,99.23
X_222_0_49,urn:osse-11:dataelement:49:2,961,957,Least complete elements,99.58
X_227_31_138,urn:osse-11:dataelement:138:1,248,247,Least complete elements,99.6
X_228_0_206,urn:osse-11:dataelement:206:1,661,661,Least complete elements,100.0
X_229_50_209,urn:osse-11:dataelement:209:1,435,435,Least complete elements,100.0
X_228_0_204,urn:osse-11:dataelement:204:1,417,417,Least complete elements,100.0
X_228_0_205,urn:osse-11:dataelement:205:1,417,417,Least complete elements,100.0
X_228_0_207,urn:osse-11:dataelement:207:1,417,417,Least complete elements,100.0
X_228_47_197,urn:osse-11:dataelement:197:1,417,417,Least complete elements,100.0
X_231_0_241,urn:osse-11:dataelement:241:1,417,417,Least complete elements,100.0
X_229_0_122,urn:osse-11:dataelement:122:1,416,416,Least complete elements,100.0
X_229_0_219,urn:osse-11:dataelement:219:1,416,416,Least complete elements,100.0
X_229_49_114,urn:osse-11:dataelement:114:1,416,416,Least complete elements,100.0
X_229_49_117,urn:osse-11:dataelement:117:1,416,416,Least complete elements,100.0
X_229_50_115,urn:osse-11:dataelement:115:1,416,416,Least complete elements,100.0
X_229_50_63,urn:osse-11:dataelement:63:1,416,416,Least complete elements,100.0
X_230_0_232,urn:osse-11:dataelement:232:1,416,416,Least complete elements,100.0
X_230_0_233,urn:osse-11:dataelement:233:1,416,416,Least complete elements,100.0
X_232_0_279,urn:osse-11:dataelement:279:1,415,415,Least complete elements,100.0
X_233_0_191,urn:osse-11:dataelement:191:1,412,412,Least complete elements,100.0
X_236_0_338,urn:osse-11:dataelement:338:1,412,412,Least complete elements,100.0
X_236_0_343,urn:osse-11:dataelement:343:1,412,412,Least complete elements,100.0
X_235_62_61,urn:osse-11:dataelement:61:1,402,402,Least complete elements,100.0
X_235_63_62,urn:osse-11:dataelement:62:1,402,402,Least complete elements,100.0
X_223_7_28,urn:osse-11:dataelement:28:1,376,376,Least complete elements,100.0
X_223_8_31,urn:osse-11:dataelement:31:1,376,376,Least complete elements,100.0
X_223_9_32,urn:osse-11:dataelement:32:1,376,376,Least complete elements,100.0
X_225_0_104,urn:osse-11:dataelement:104:1,307,307,Least complete elements,100.0
X_222_0_345,urn:osse-11:dataelement:345:1,265,265,Least complete elements,100.0
X_222_0_42,urn:osse-11:dataelement:42:1,265,265,Least complete elements,100.0
X_222_0_43,urn:osse-11:dataelement:43:2,265,265,Least complete elements,100.0
X_222_0_46,urn:osse-11:dataelement:46:1,265,265,Least complete elements,100.0
X_222_0_47,urn:osse-11:dataelement:47:1,265,265,Least complete elements,100.0
X_222_0_48,urn:osse-11:dataelement:48:1,265,265,Least complete elements,100.0
X_224_16_57,urn:osse-11:dataelement:57:1,261,261,Least complete elements,100.0
X_224_17_61,urn:osse-11:dataelement:61:1,261,261,Least complete elements,100.0
X_225_0_105,urn:osse-11:dataelement:105:1,261,261,Least complete elements,100.0
X_225_0_55,urn:osse-11:dataelement:55:1,261,261,Least complete elements,100.0
X_225_0_92,urn:osse-11:dataelement:92:1,261,261,Least complete elements,100.0
X_226_0_112,urn:osse-11:dataelement:112:1,257,257,Least complete elements,100.0
X_226_0_113,urn:osse-11:dataelement:113:1,257,257,Least complete elements,100.0
X_227_0_112,urn:osse-11:dataelement:112:1,248,248,Least complete elements,100.0
X_227_46_191,urn:osse-11:dataelement:191:1,248,248,Least complete elements,100.0
X_227_46_192,urn:osse-11:dataelement:192:1,248,248,Least complete elements,100.0
X_234_0_297,urn:osse-11:dataelement:297:1,191,191,Least complete elements,100.0
X_234_0_300,urn:osse-11:dataelement:300:1,191,191,Least complete elements,100.0
X_228_0_374,urn:osse-11:dataelement:374:1,5,5,Least complete elements,100.0
